feature_name,0,2
Fan4 speed,0.010034064525915874,0.010034064525915874
Fan1 speed,0.14685283985277212,0.14685283985277212
Fan3 speed,0.15820477021163817,0.15820477021163817
Fan2 speed,0.33008498691961513,0.33008498691961513
Inlet Temp,0.7655716513200739,0.7655716513200739
Memory usage,8.470409104954813,8.470409104954813
Power consumption,36.757457993055006,36.757457993055006
CPU2 Temp,97.8016250594109,97.8016250594109
CPU1 Temp,182.78381928221677,182.78381928221677
