feature_name,0,2
Fan2 speed,4.538036613155327e-15,4.538036613155327e-15
Fan3 speed,3.838791970734129e-05,3.838791970734129e-05
Fan4 speed,0.041675741760995595,0.041675741760995595
Fan1 speed,0.20081246651988052,0.20081246651988052
Inlet Temp,0.885220797314922,0.885220797314922
Memory usage,21.966594444798226,21.966594444798226
CPU1 Temp,22.183952625893877,22.183952625893877
Power consumption,29.70233045856762,29.70233045856762
CPU2 Temp,75.67288409801296,75.67288409801296
