feature_name,0,3
Inlet Temp,3.737889427390603e-05,3.737889427390603e-05
Fan4 speed,5.757241440401163e-05,5.757241440401163e-05
Fan3 speed,0.11185049379720235,0.11185049379720235
CPU2 Temp,0.13829651841467316,0.13829651841467316
Power consumption,0.21413229420981042,0.21413229420981042
Memory usage,0.33210634447337056,0.33210634447337056
Fan2 speed,0.3413482484921615,0.3413482484921615
CPU1 Temp,0.4712122436217147,0.4712122436217147
Fan1 speed,0.48140500252664464,0.48140500252664464
