feature_name,0,2
Fan3 speed,0.0030726430765309325,0.0030726430765309325
Fan2 speed,0.012724162714805254,0.012724162714805254
Fan4 speed,0.023959222968805222,0.023959222968805222
Inlet Temp,0.04125292538692291,0.04125292538692291
Memory usage,0.061343335236680036,0.061343335236680036
Fan1 speed,0.08755030019002821,0.08755030019002821
CPU1 Temp,0.187492047156938,0.187492047156938
CPU2 Temp,0.6421034833309769,0.6421034833309769
Power consumption,0.7773166062695367,0.7773166062695367
