feature_name,0,2
Fan2 speed,0.010734159380262984,0.010734159380262984
Inlet Temp,0.01961503916580353,0.01961503916580353
Fan3 speed,0.025422947004193567,0.025422947004193567
Fan4 speed,0.0646966810713183,0.0646966810713183
CPU1 Temp,0.4207253072172064,0.4207253072172064
CPU2 Temp,0.5653374308093637,0.5653374308093637
Memory usage,0.6116405977262135,0.6116405977262135
Power consumption,0.8298268005090765,0.8298268005090765
Fan1 speed,0.8557015003959888,0.8557015003959888
