feature_name,0,2
Fan1 speed,0.0,0.0
Fan2 speed,0.0,0.0
CPU1 Temp,9.540979117872439e-18,9.540979117872439e-18
Fan4 speed,3.557978271757564e-05,3.557978271757564e-05
Fan3 speed,0.001928808883797694,0.001928808883797694
Inlet Temp,0.0786362889208199,0.0786362889208199
Power consumption,0.2458532880484306,0.2458532880484306
Memory usage,0.31679510288930685,0.31679510288930685
CPU2 Temp,0.35120349767909115,0.35120349767909115
