feature_name,0,2
Fan2 speed,0.027247917242782558,0.027247917242782558
Power consumption,0.07916400615014146,0.07916400615014146
Memory usage,0.2282898181130614,0.2282898181130614
Inlet Temp,0.4391974132814906,0.4391974132814906
Fan1 speed,1.1140118022914645,1.1140118022914645
Fan3 speed,1.7142171630121175,1.7142171630121175
Fan4 speed,2.1411183899270783,2.1411183899270783
CPU2 Temp,3.508500848945686,3.508500848945686
CPU1 Temp,3.6903758191108422,3.6903758191108422
