feature_name,0,2
Fan1 speed,0.0,0.0
Fan4 speed,5.272925956353869e-07,5.272925956353869e-07
Inlet Temp,0.08465711209979968,0.08465711209979968
Fan2 speed,0.23142678456032603,0.23142678456032603
Memory usage,0.27041013561699057,0.27041013561699057
CPU1 Temp,0.48274341149659417,0.48274341149659417
CPU2 Temp,0.5789758978263356,0.5789758978263356
Fan3 speed,1.763502500714357,1.763502500714357
Power consumption,1.7981871782738563,1.7981871782738563
