feature_name,0,2
CPU2 Temp,0.006621837951415025,0.006621837951415025
Fan1 speed,0.10438318722406974,0.10438318722406974
Inlet Temp,0.33498404365330076,0.33498404365330076
CPU1 Temp,0.4055791369510981,0.4055791369510981
Fan3 speed,0.5927885745108179,0.5927885745108179
Fan2 speed,1.0604993045701308,1.0604993045701308
Power consumption,1.4782339895042773,1.4782339895042773
Memory usage,1.6092074232206848,1.6092074232206848
Fan4 speed,3.272989294745741,3.272989294745741
