feature_name,0,2
Inlet Temp,0.0002777901670590592,0.0002777901670590592
Fan3 speed,0.011503229482409283,0.011503229482409283
Fan4 speed,0.3020789137293911,0.3020789137293911
Fan1 speed,0.48979641228088544,0.48979641228088544
Fan2 speed,1.372401155575596,1.372401155575596
CPU2 Temp,19.198318773882434,19.198318773882434
Memory usage,27.795982164224235,27.795982164224235
CPU1 Temp,82.92382887830458,82.92382887830458
Power consumption,123.89449475131542,123.89449475131542
