feature_name,0,2
Fan1 speed,0.0,0.0
CPU1 Temp,0.0025920307221880333,0.0025920307221880333
Fan2 speed,0.006857175023379017,0.006857175023379017
Fan4 speed,0.021880750997057257,0.021880750997057257
Fan3 speed,0.16472570714710044,0.16472570714710044
Inlet Temp,0.1926436642616544,0.1926436642616544
Memory usage,0.2598589695002826,0.2598589695002826
CPU2 Temp,0.30708250143053606,0.30708250143053606
Power consumption,0.48930795420587253,0.48930795420587253
