feature_name,0,2
Inlet Temp,1.470735845699421e-06,1.470735845699421e-06
Fan4 speed,0.09646645058781086,0.09646645058781086
CPU2 Temp,0.12654421571081956,0.12654421571081956
CPU1 Temp,0.24673132229724173,0.24673132229724173
Fan1 speed,0.3711748842581361,0.3711748842581361
Fan3 speed,0.6738074074162638,0.6738074074162638
Power consumption,0.9054252784552523,0.9054252784552523
Fan2 speed,1.5180617235196776,1.5180617235196776
Memory usage,2.4358973027379394,2.4358973027379394
