feature_name,0,2
Inlet Temp,0.012992884799553371,0.012992884799553371
Fan3 speed,0.0575939828949788,0.0575939828949788
Fan2 speed,0.8221463369167543,0.8221463369167543
Fan1 speed,1.0181387746965778,1.0181387746965778
Fan4 speed,1.2606617537201137,1.2606617537201137
Memory usage,10.306021280005732,10.306021280005732
CPU2 Temp,23.55590379729661,23.55590379729661
CPU1 Temp,26.390718013883028,26.390718013883028
Power consumption,36.0961603894105,36.0961603894105
