feature_name,0,2
Inlet Temp,0.0,0.0
CPU2 Temp,0.059752645593218,0.059752645593218
Memory usage,0.14043468359381392,0.14043468359381392
Fan2 speed,0.14055420254032733,0.14055420254032733
Fan3 speed,0.2014548592444973,0.2014548592444973
CPU1 Temp,0.20225758683091644,0.20225758683091644
Fan1 speed,0.34270047424490846,0.34270047424490846
Fan4 speed,0.4075121969193257,0.4075121969193257
Power consumption,0.445414269241231,0.445414269241231
