feature_name,0,2
CPU2 Temp,0.0,0.0
Fan2 speed,0.0,0.0
Fan3 speed,0.0,0.0
Fan4 speed,0.0,0.0
CPU1 Temp,0.0003478604466869836,0.0003478604466869836
Fan1 speed,0.024141857116660618,0.024141857116660618
Power consumption,0.1670182224943709,0.1670182224943709
Inlet Temp,0.2345093179694098,0.2345093179694098
Memory usage,0.30125331382501097,0.30125331382501097
