feature_name,0,2
Fan4 speed,0.003459541515592351,0.003459541515592351
Fan1 speed,0.0178830431513596,0.0178830431513596
Fan2 speed,0.025338874058685835,0.025338874058685835
Fan3 speed,0.1036339035178357,0.1036339035178357
Inlet Temp,0.2396553159989249,0.2396553159989249
Memory usage,1.8352516092975304,1.8352516092975304
CPU2 Temp,2.203593038319694,2.203593038319694
CPU1 Temp,3.5089972288961624,3.5089972288961624
Power consumption,3.594917390259825,3.594917390259825
