feature_name,0,2
Fan1 speed,0.7574805644445681,0.7574805644445681
Fan2 speed,0.7719164422638638,0.7719164422638638
CPU2 Temp,0.8745805977195307,0.8745805977195307
CPU1 Temp,1.0849115228618949,1.0849115228618949
Inlet Temp,1.1144156995625014,1.1144156995625014
Memory usage,1.202904948482769,1.202904948482769
Fan3 speed,1.7060944875921247,1.7060944875921247
Fan4 speed,1.8087152506325235,1.8087152506325235
Power consumption,5.156837516002056,5.156837516002056
