feature_name,0,2
Inlet Temp,0.0,0.0
Fan4 speed,0.0028281091432930824,0.0028281091432930824
Fan3 speed,0.09194264267667974,0.09194264267667974
Fan1 speed,0.18908903536498683,0.18908903536498683
Power consumption,0.5802679827858033,0.5802679827858033
Fan2 speed,1.1919646940750528,1.1919646940750528
CPU1 Temp,5.210518112826846,5.210518112826846
CPU2 Temp,6.357089903996462,6.357089903996462
Memory usage,7.19635689189239,7.19635689189239
