feature_name,0,2
Inlet Temp,0.0,0.0
Fan3 speed,8.504626435700512e-06,8.504626435700512e-06
CPU2 Temp,0.0001342463870783652,0.0001342463870783652
Fan2 speed,0.004916918077987812,0.004916918077987812
Fan4 speed,0.00698020675783596,0.00698020675783596
Fan1 speed,0.013646379860314035,0.013646379860314035
Memory usage,0.12380404921765442,0.12380404921765442
CPU1 Temp,0.20212103665075076,0.20212103665075076
Power consumption,0.40802794584307606,0.40802794584307606
