feature_name,0,2
Fan4 speed,0.0,0.0
Fan2 speed,4.454229473874714e-05,4.454229473874714e-05
CPU1 Temp,0.04051376962877387,0.04051376962877387
Fan3 speed,0.0506710625240872,0.0506710625240872
CPU2 Temp,0.07152066058637763,0.07152066058637763
Fan1 speed,0.08782512295180063,0.08782512295180063
Inlet Temp,0.34246938650595576,0.34246938650595576
Power consumption,0.478629034949282,0.478629034949282
Memory usage,0.48756982743214555,0.48756982743214555
