feature_name,0,2
Fan4 speed,0.008841236885304584,0.008841236885304584
Fan3 speed,0.015455027141619481,0.015455027141619481
Inlet Temp,0.04283695663103565,0.04283695663103565
CPU2 Temp,0.044419628746350255,0.044419628746350255
Fan2 speed,0.04552993625106669,0.04552993625106669
Fan1 speed,0.12242689066120946,0.12242689066120946
Memory usage,0.20369502919068044,0.20369502919068044
CPU1 Temp,0.48378980867613197,0.48378980867613197
Power consumption,2.5728794938082897,2.5728794938082897
