feature_name,0,2
Fan1 speed,2.6020852139652106e-18,2.6020852139652106e-18
Fan4 speed,0.00029562984908782257,0.00029562984908782257
CPU2 Temp,0.0018904497765594762,0.0018904497765594762
Fan3 speed,0.01429497372780857,0.01429497372780857
Fan2 speed,0.04624953501365206,0.04624953501365206
Power consumption,0.13280932471111467,0.13280932471111467
Inlet Temp,0.13842894626094335,0.13842894626094335
CPU1 Temp,0.2725186191549222,0.2725186191549222
Memory usage,0.34352601273897015,0.34352601273897015
