feature_name,0,2
Memory usage,0.022308747887192226,0.022308747887192226
Fan2 speed,0.050950536881766526,0.050950536881766526
Fan3 speed,0.08607537092849325,0.08607537092849325
Fan4 speed,0.10703550534430488,0.10703550534430488
Fan1 speed,0.9071846827322172,0.9071846827322172
Inlet Temp,1.0370332166046519,1.0370332166046519
CPU1 Temp,1.1138106834977428,1.1138106834977428
CPU2 Temp,3.725664826984532,3.725664826984532
Power consumption,4.337510666619444,4.337510666619444
