feature_name,0,2
Fan3 speed,1.0817008501734407e-05,1.0817008501734407e-05
Fan4 speed,0.014553333384715506,0.014553333384715506
Fan2 speed,0.030749675306711216,0.030749675306711216
Fan1 speed,0.6732073490031473,0.6732073490031473
Inlet Temp,1.2972496690429605,1.2972496690429605
Power consumption,12.013657197422386,12.013657197422386
Memory usage,36.34612582776897,36.34612582776897
CPU2 Temp,87.10289270630001,87.10289270630001
CPU1 Temp,165.43743748023917,165.43743748023917
