feature_name,0,2
Fan4 speed,0.0006256460265613646,0.0006256460265613646
Fan1 speed,0.010588580623458299,0.010588580623458299
Inlet Temp,0.2506760104254993,0.2506760104254993
Fan3 speed,0.2529102518878504,0.2529102518878504
Fan2 speed,1.2553495712013953,1.2553495712013953
Memory usage,6.1312366243612315,6.1312366243612315
CPU1 Temp,29.52937569727635,29.52937569727635
Power consumption,38.689873814550175,38.689873814550175
CPU2 Temp,78.30922642272814,78.30922642272814
