feature_name,0,2
Fan3 speed,0.004845735882472383,0.004845735882472383
CPU2 Temp,0.00791367796273602,0.00791367796273602
Fan2 speed,0.03455466978340681,0.03455466978340681
Fan1 speed,0.19421203053995445,0.19421203053995445
CPU1 Temp,0.22252836825471356,0.22252836825471356
Fan4 speed,0.2853963607427459,0.2853963607427459
Memory usage,0.36688778100690317,0.36688778100690317
Inlet Temp,0.4065019657059695,0.4065019657059695
Power consumption,0.65997636276693,0.65997636276693
