feature_name,0,2
Fan1 speed,0.0,0.0
Fan3 speed,0.0,0.0
Fan4 speed,1.951563910473908e-18,1.951563910473908e-18
Fan2 speed,2.398082708895098e-06,2.398082708895098e-06
Inlet Temp,5.410391137503599e-05,5.410391137503599e-05
Memory usage,0.19910155174897123,0.19910155174897123
Power consumption,0.23110478485200625,0.23110478485200625
CPU2 Temp,0.4497247135295572,0.4497247135295572
CPU1 Temp,1.1430745018547204,1.1430745018547204
