feature_name,0,2
Fan3 speed,0.04644176648133627,0.04644176648133627
Fan1 speed,0.06032167793541667,0.06032167793541667
CPU2 Temp,0.18947202361530302,0.18947202361530302
Memory usage,0.19115077614253997,0.19115077614253997
Inlet Temp,0.2575409153140226,0.2575409153140226
Power consumption,0.48436262956130754,0.48436262956130754
Fan2 speed,0.7349432683432651,0.7349432683432651
CPU1 Temp,0.952630386562162,0.952630386562162
Fan4 speed,1.8610388458423819,1.8610388458423819
