feature_name,0,2
Inlet Temp,0.033878795966005536,0.033878795966005536
Fan4 speed,0.06150422647189632,0.06150422647189632
Fan3 speed,1.1018666009515201,1.1018666009515201
Memory usage,2.880803445558341,2.880803445558341
Fan2 speed,4.743604843695073,4.743604843695073
Fan1 speed,16.767155145706727,16.767155145706727
CPU1 Temp,64.53200483865372,64.53200483865372
Power consumption,82.13043366079421,82.13043366079421
CPU2 Temp,179.43176753217415,179.43176753217415
