feature_name,0,2
Fan3 speed,0.0,0.0
Inlet Temp,1.3010426069826053e-18,1.3010426069826053e-18
Fan2 speed,8.413228237554526e-05,8.413228237554526e-05
Memory usage,0.0015326333649535286,0.0015326333649535286
Fan1 speed,0.004638786195846613,0.004638786195846613
Fan4 speed,0.004738501884826422,0.004738501884826422
CPU2 Temp,0.22885768727242706,0.22885768727242706
CPU1 Temp,0.30324832905214183,0.30324832905214183
Power consumption,0.8754932223482516,0.8754932223482516
