feature_name,0,2
Fan4 speed,0.015971376995048553,0.015971376995048553
Memory usage,0.11066431581728192,0.11066431581728192
Fan2 speed,0.13492019818236578,0.13492019818236578
Fan1 speed,0.20256033944421248,0.20256033944421248
Fan3 speed,0.34079264302837314,0.34079264302837314
CPU1 Temp,0.3834613160662176,0.3834613160662176
Inlet Temp,0.44042368492773204,0.44042368492773204
CPU2 Temp,3.0110063726500726,3.0110063726500726
Power consumption,4.523673435418687,4.523673435418687
