feature_name,0,2
Fan3 speed,1.7271716030644625e-05,1.7271716030644625e-05
Fan4 speed,0.01800902864116837,0.01800902864116837
CPU1 Temp,0.051895246166647285,0.051895246166647285
Fan2 speed,0.05610274252500803,0.05610274252500803
Power consumption,0.17338353339813403,0.17338353339813403
Memory usage,0.2867794561280661,0.2867794561280661
Fan1 speed,0.4929085070925551,0.4929085070925551
Inlet Temp,0.6684130355126787,0.6684130355126787
CPU2 Temp,0.6763887526575764,0.6763887526575764
