feature_name,0,2
Fan1 speed,0.0011357941804974556,0.0011357941804974556
Fan4 speed,0.0016453317243164585,0.0016453317243164585
Fan2 speed,0.10266041524948029,0.10266041524948029
Fan3 speed,0.15886311586119456,0.15886311586119456
Inlet Temp,0.7817263725401764,0.7817263725401764
Memory usage,6.151531105317298,6.151531105317298
Power consumption,13.05760049477621,13.05760049477621
CPU2 Temp,36.74092931450679,36.74092931450679
CPU1 Temp,70.5111630758109,70.5111630758109
