feature_name,0,2
Fan1 speed,0.0,0.0
Fan3 speed,0.0,0.0
CPU1 Temp,1.6558008738338462e-05,1.6558008738338462e-05
Fan4 speed,0.0016391307219895933,0.0016391307219895933
Inlet Temp,0.032205899211058514,0.032205899211058514
CPU2 Temp,0.17335518709990944,0.17335518709990944
Fan2 speed,0.2542043381881316,0.2542043381881316
Memory usage,0.33413331144010294,0.33413331144010294
Power consumption,0.43085131427843043,0.43085131427843043
