feature_name,3,6
CPU1 Temp,0.0,0.0
Inlet Temp,0.0,0.0
Power consumption,0.0,0.0
CPU2 Temp,1.1102230246251565e-16,1.1102230246251565e-16
Memory usage,3.114933679387085e-06,3.114933679387085e-06
Fan4 speed,3.924720631800897e-05,3.924720631800897e-05
Fan2 speed,0.016301740331899222,0.016301740331899222
Fan3 speed,0.10261495143571465,0.10261495143571465
Fan1 speed,0.10921915175301501,0.10921915175301501
