feature_name,0,2
Fan1 speed,0.0022425292697512648,0.0022425292697512648
CPU1 Temp,0.014006278333077493,0.014006278333077493
Fan4 speed,0.018329174505926867,0.018329174505926867
Fan2 speed,0.0319779964943987,0.0319779964943987
Fan3 speed,0.0668969886708223,0.0668969886708223
CPU2 Temp,0.16900810326903826,0.16900810326903826
Inlet Temp,0.5031391449906347,0.5031391449906347
Memory usage,0.6076024224534594,0.6076024224534594
Power consumption,1.577772244767808,1.577772244767808
