feature_name,0,2
Fan1 speed,0.0,0.0
CPU1 Temp,0.0015258543263894737,0.0015258543263894737
Fan4 speed,0.04721655549971038,0.04721655549971038
Fan3 speed,0.061050846737016676,0.061050846737016676
CPU2 Temp,0.10931182556768465,0.10931182556768465
Memory usage,0.583822173191463,0.583822173191463
Power consumption,0.5898914387540733,0.5898914387540733
Fan2 speed,0.7621665302376202,0.7621665302376202
Inlet Temp,1.1287464685881616,1.1287464685881616
