feature_name,0,3
CPU2 Temp,0.07020592186442202,0.07020592186442202
Fan3 speed,0.07871240384935477,0.07871240384935477
Fan4 speed,0.18581422198153683,0.18581422198153683
Fan2 speed,0.24239513608168461,0.24239513608168461
Fan1 speed,0.48425406807965937,0.48425406807965937
CPU1 Temp,0.49487843876871684,0.49487843876871684
Inlet Temp,1.2464886762221352,1.2464886762221352
Power consumption,4.396172799131648,4.396172799131648
Memory usage,11.574322673519832,11.574322673519832
