feature_name,0,2
Fan4 speed,0.014678270456105107,0.014678270456105107
Memory usage,0.03666505961696257,0.03666505961696257
Fan1 speed,0.04876838928360392,0.04876838928360392
CPU2 Temp,0.06818246877372183,0.06818246877372183
Inlet Temp,0.17882522031988396,0.17882522031988396
Fan3 speed,0.32044052211023566,0.32044052211023566
Power consumption,0.3424192588526706,0.3424192588526706
CPU1 Temp,0.3613844042398299,0.3613844042398299
Fan2 speed,0.4738443111564706,0.4738443111564706
