feature_name,0,2
Fan3 speed,0.0,0.0
Fan4 speed,0.0,0.0
Fan1 speed,1.5720931501039814e-17,1.5720931501039814e-17
Inlet Temp,7.97713164745091e-06,7.97713164745091e-06
Fan2 speed,0.0002475732880285284,0.0002475732880285284
Memory usage,0.0025843305906826045,0.0025843305906826045
Power consumption,0.10730371355082233,0.10730371355082233
CPU2 Temp,0.8037261424187644,0.8037261424187644
CPU1 Temp,3.1414621025784917,3.1414621025784917
