feature_name,0,3
Fan2 speed,0.013307739710017148,0.013307739710017148
Inlet Temp,0.032539485464314316,0.032539485464314316
Fan3 speed,0.0551550601934142,0.0551550601934142
Fan1 speed,0.058259191662848354,0.058259191662848354
Fan4 speed,0.06018881872398777,0.06018881872398777
CPU1 Temp,0.2648525056923011,0.2648525056923011
CPU2 Temp,1.2887979681174402,1.2887979681174402
Memory usage,1.5878168092358595,1.5878168092358595
Power consumption,2.40772794641436,2.40772794641436
