feature_name,2,4
Fan1 speed,0.003732228984024579,0.003732228984024579
CPU2 Temp,0.04898490934820392,0.04898490934820392
Power consumption,0.15665521404583133,0.15665521404583133
Fan3 speed,0.15670026011284155,0.15670026011284155
CPU1 Temp,0.18589147006857357,0.18589147006857357
Fan2 speed,0.35875148397584994,0.35875148397584994
Fan4 speed,0.4051241318688491,0.4051241318688491
Inlet Temp,0.7441059772395304,0.7441059772395304
Memory usage,8.250187185930285,8.250187185930285
