feature_name,0,2
Inlet Temp,0.05277414796781622,0.05277414796781622
Fan4 speed,0.07179582035391735,0.07179582035391735
CPU2 Temp,0.07818657771837173,0.07818657771837173
Fan1 speed,0.2538675618008625,0.2538675618008625
Fan2 speed,0.2768498891064837,0.2768498891064837
Memory usage,0.3478418477843961,0.3478418477843961
CPU1 Temp,1.29504218006189,1.29504218006189
Fan3 speed,1.7078927626850458,1.7078927626850458
Power consumption,1.7080023782975082,1.7080023782975082
