feature_name,0,2
Fan3 speed,0.004152476267199704,0.004152476267199704
Fan2 speed,0.10764129362264284,0.10764129362264284
Inlet Temp,0.12930037903864458,0.12930037903864458
Fan4 speed,0.14426653180101023,0.14426653180101023
Fan1 speed,0.2600292592642552,0.2600292592642552
CPU2 Temp,0.2774580066095483,0.2774580066095483
Power consumption,0.31954527003098004,0.31954527003098004
CPU1 Temp,0.6692700717259432,0.6692700717259432
Memory usage,3.29760313839435,3.29760313839435
