feature_name,0,2
CPU2 Temp,0.004613878098020099,0.004613878098020099
Fan1 speed,0.017149415356836277,0.017149415356836277
Fan4 speed,0.019503007824947422,0.019503007824947422
Fan3 speed,0.020938473575184583,0.020938473575184583
Fan2 speed,0.021567858612253764,0.021567858612253764
Inlet Temp,0.3050596264063858,0.3050596264063858
CPU1 Temp,0.5890718707806615,0.5890718707806615
Power consumption,0.7716028368154199,0.7716028368154199
Memory usage,1.1412911945387234,1.1412911945387234
