feature_name,0,2
Inlet Temp,0.0,0.0
Fan1 speed,0.0,0.0
Fan2 speed,0.0,0.0
Fan3 speed,0.0,0.0
Fan4 speed,0.0,0.0
Memory usage,0.0006563660735678818,0.0006563660735678818
CPU1 Temp,0.062051667404627926,0.062051667404627926
CPU2 Temp,0.16096576987587954,0.16096576987587954
Power consumption,0.2016340296911603,0.2016340296911603
