feature_name,0,2
Inlet Temp,2.0379970923616736e-07,2.0379970923616736e-07
Fan4 speed,3.3016054620256747e-05,3.3016054620256747e-05
Fan3 speed,0.00176051539891445,0.00176051539891445
Fan2 speed,0.049814628606039676,0.049814628606039676
Memory usage,0.05878741864486842,0.05878741864486842
Fan1 speed,0.21482517726492129,0.21482517726492129
Power consumption,0.2149473046927035,0.2149473046927035
CPU2 Temp,0.25002714802566783,0.25002714802566783
CPU1 Temp,1.1447381776564183,1.1447381776564183
