feature_name,0,2
Fan3 speed,0.00697867986712748,0.00697867986712748
CPU1 Temp,0.013998091300608148,0.013998091300608148
CPU2 Temp,0.014818033346039518,0.014818033346039518
Inlet Temp,0.027526743115515246,0.027526743115515246
Fan2 speed,0.04135436514938051,0.04135436514938051
Fan4 speed,0.04154079995730958,0.04154079995730958
Power consumption,0.3280896536141434,0.3280896536141434
Memory usage,0.44756124631551814,0.44756124631551814
Fan1 speed,0.49024020002635343,0.49024020002635343
