feature_name,0,2
Fan4 speed,0.0,0.0
CPU1 Temp,0.07645172732494303,0.07645172732494303
Fan1 speed,0.13596281155826498,0.13596281155826498
CPU2 Temp,0.14889906142960704,0.14889906142960704
Inlet Temp,0.1594243840721159,0.1594243840721159
Fan3 speed,0.22967327090908587,0.22967327090908587
Power consumption,0.3454742193592491,0.3454742193592491
Memory usage,0.40546612234328827,0.40546612234328827
Fan2 speed,1.7312467290793816,1.7312467290793816
