feature_name,0,2
Fan3 speed,1.0191500421363742e-17,1.0191500421363742e-17
Fan4 speed,3.1387284918622024e-05,3.1387284918622024e-05
Fan2 speed,6.309080027927386e-05,6.309080027927386e-05
Fan1 speed,0.0010208599709680838,0.0010208599709680838
CPU1 Temp,0.0978999605421855,0.0978999605421855
CPU2 Temp,0.1746415808527115,0.1746415808527115
Memory usage,0.2618671549069565,0.2618671549069565
Power consumption,0.2629997455525289,0.2629997455525289
Inlet Temp,0.8554083063778848,0.8554083063778848
