feature_name,0,2
Inlet Temp,0.0,0.0
Fan2 speed,0.0,0.0
Fan3 speed,0.0,0.0
Fan4 speed,0.0,0.0
CPU2 Temp,0.0009400082844690317,0.0009400082844690317
Fan1 speed,0.07144065471070593,0.07144065471070593
CPU1 Temp,0.15147155120101857,0.15147155120101857
Memory usage,0.22914764087062445,0.22914764087062445
Power consumption,0.27976855254421157,0.27976855254421157
