feature_name,0,2
Fan1 speed,0.00021109717534769853,0.00021109717534769853
Fan3 speed,0.0009515093475633912,0.0009515093475633912
Fan2 speed,0.004853468346212986,0.004853468346212986
CPU2 Temp,0.015386648461359495,0.015386648461359495
Fan4 speed,0.04582528151052945,0.04582528151052945
Inlet Temp,0.1392214784917629,0.1392214784917629
Memory usage,0.16882765140786848,0.16882765140786848
CPU1 Temp,0.2741024260416023,0.2741024260416023
Power consumption,0.43244431305816367,0.43244431305816367
