feature_name,0,2
Fan2 speed,0.03431283146709719,0.03431283146709719
Inlet Temp,0.2653727586679386,0.2653727586679386
Fan3 speed,0.3210093660157763,0.3210093660157763
Fan1 speed,0.3705344640358533,0.3705344640358533
CPU2 Temp,0.7193160471980664,0.7193160471980664
Memory usage,0.753292695971641,0.753292695971641
Fan4 speed,1.078739184011215,1.078739184011215
CPU1 Temp,3.1316103361354823,3.1316103361354823
Power consumption,4.177744877324029,4.177744877324029
