feature_name,0,2
Fan2 speed,0.00010146058873282708,0.00010146058873282708
Inlet Temp,0.0002963112432975523,0.0002963112432975523
Fan1 speed,0.0004095337571215869,0.0004095337571215869
Fan3 speed,0.07743571026028571,0.07743571026028571
CPU2 Temp,0.3181990711644414,0.3181990711644414
CPU1 Temp,0.3428519576948339,0.3428519576948339
Power consumption,0.6591132275951748,0.6591132275951748
Memory usage,0.9493905802515035,0.9493905802515035
Fan4 speed,2.316055412466396,2.316055412466396
