feature_name,0,2
Fan2 speed,0.003253323513006332,0.003253323513006332
CPU1 Temp,0.052031494579987424,0.052031494579987424
Fan3 speed,0.18699471133071346,0.18699471133071346
Fan4 speed,0.19696883333317394,0.19696883333317394
Fan1 speed,0.2973651881805129,0.2973651881805129
Power consumption,0.3435176660380068,0.3435176660380068
CPU2 Temp,0.407440898337653,0.407440898337653
Inlet Temp,0.708342763296818,0.708342763296818
Memory usage,1.4477718525535388,1.4477718525535388
