feature_name,0,2
Fan4 speed,0.0,0.0
Inlet Temp,0.0028500261530912986,0.0028500261530912986
Fan3 speed,0.0029993124264769437,0.0029993124264769437
Fan2 speed,0.21709162332162113,0.21709162332162113
Fan1 speed,0.37125562393231654,0.37125562393231654
CPU2 Temp,0.6995644583869397,0.6995644583869397
Memory usage,1.967992470687204,1.967992470687204
CPU1 Temp,2.04900126168214,2.04900126168214
Power consumption,3.581229979413714,3.581229979413714
