feature_name,0,3
Fan4 speed,0.0,0.0
Fan2 speed,2.263105953761134e-07,2.263105953761134e-07
Inlet Temp,0.0010279774643313323,0.0010279774643313323
Fan1 speed,0.0018625464003349135,0.0018625464003349135
Power consumption,0.023920955559044676,0.023920955559044676
Fan3 speed,0.027412306282712996,0.027412306282712996
CPU1 Temp,0.9466741367462478,0.9466741367462478
Memory usage,1.3512756263465733,1.3512756263465733
CPU2 Temp,6.452851765395651,6.452851765395651
