feature_name,0,2
Fan4 speed,0.003156904219683689,0.003156904219683689
Inlet Temp,0.04839039266695,0.04839039266695
Fan2 speed,0.06411838361449365,0.06411838361449365
Memory usage,0.0681318645357077,0.0681318645357077
CPU1 Temp,0.20794756958548044,0.20794756958548044
CPU2 Temp,0.5004323604057206,0.5004323604057206
Fan1 speed,0.5231571485164022,0.5231571485164022
Power consumption,0.8258480634618907,0.8258480634618907
Fan3 speed,1.2319626350339825,1.2319626350339825
