feature_name,0,3
Fan3 speed,0.0009419310779899288,0.0009419310779899288
Fan1 speed,0.001769500684948629,0.001769500684948629
CPU1 Temp,0.002426740959998924,0.002426740959998924
Fan2 speed,0.011322640620776443,0.011322640620776443
Fan4 speed,0.019392601129230212,0.019392601129230212
Inlet Temp,0.07090623174367647,0.07090623174367647
Power consumption,0.13714352263480062,0.13714352263480062
CPU2 Temp,1.0034408982412815,1.0034408982412815
Memory usage,3.6550115397653014,3.6550115397653014
