feature_name,0,2
Fan3 speed,0.0,0.0
Fan2 speed,0.0587313784928517,0.0587313784928517
Fan4 speed,0.1895581089377515,0.1895581089377515
Fan1 speed,0.2732841927097998,0.2732841927097998
CPU2 Temp,5.683318931869414,5.683318931869414
Inlet Temp,5.942688965905478,5.942688965905478
CPU1 Temp,13.39659251963518,13.39659251963518
Power consumption,31.468372264275082,31.468372264275082
Memory usage,37.374527106294266,37.374527106294266
