feature_name,0,2
Fan1 speed,0.0,0.0
Inlet Temp,0.0004313491441504222,0.0004313491441504222
Fan2 speed,0.013370159056405304,0.013370159056405304
CPU2 Temp,0.04664557618260483,0.04664557618260483
Memory usage,0.19728023040577417,0.19728023040577417
Fan3 speed,0.24812394347392464,0.24812394347392464
Power consumption,0.8314726955074075,0.8314726955074075
Fan4 speed,0.8353218846994794,0.8353218846994794
CPU1 Temp,1.4538276719665335,1.4538276719665335
