feature_name,0,2
Fan4 speed,0.003343682660096452,0.003343682660096452
Inlet Temp,0.013625501209052988,0.013625501209052988
Fan3 speed,0.030623717467027117,0.030623717467027117
Fan2 speed,0.041224913083142176,0.041224913083142176
Memory usage,0.06363848218350669,0.06363848218350669
CPU1 Temp,0.1381398220160343,0.1381398220160343
Fan1 speed,0.14152974414649636,0.14152974414649636
CPU2 Temp,0.19933617142870055,0.19933617142870055
Power consumption,0.4481971171826318,0.4481971171826318
