feature_name,0,2
Fan1 speed,0.02704663448565901,0.02704663448565901
Fan2 speed,0.03523073480671403,0.03523073480671403
Fan4 speed,0.10604732047260328,0.10604732047260328
Fan3 speed,0.17065603827576717,0.17065603827576717
Inlet Temp,0.9467955703576371,0.9467955703576371
Power consumption,7.813320382371106,7.813320382371106
Memory usage,22.894307849408428,22.894307849408428
CPU2 Temp,58.099473663673365,58.099473663673365
CPU1 Temp,111.46364308701071,111.46364308701071
