feature_name,0,2
Fan4 speed,0.0,0.0
Fan2 speed,2.1688859337394388e-05,2.1688859337394388e-05
CPU1 Temp,0.0006933750906811999,0.0006933750906811999
Inlet Temp,0.0017780630818568666,0.0017780630818568666
Fan3 speed,0.07306113959828914,0.07306113959828914
CPU2 Temp,0.1740349183473388,0.1740349183473388
Fan1 speed,0.48459738388985135,0.48459738388985135
Memory usage,0.9926141848359705,0.9926141848359705
Power consumption,1.2654818267923664,1.2654818267923664
