feature_name,0,2
Fan1 speed,0.0,0.0
Inlet Temp,2.5222427050525242e-05,2.5222427050525242e-05
CPU1 Temp,4.446832590285319e-05,4.446832590285319e-05
Fan4 speed,0.00684970397622231,0.00684970397622231
Power consumption,0.08753031049931512,0.08753031049931512
CPU2 Temp,0.10151584692627208,0.10151584692627208
Fan2 speed,0.10406212909261105,0.10406212909261105
Fan3 speed,0.49012459980560746,0.49012459980560746
Memory usage,0.4995108758607796,0.4995108758607796
