feature_name,0,2
Fan1 speed,0.0,0.0
Fan2 speed,0.0,0.0
CPU2 Temp,0.0013908351497161908,0.0013908351497161908
Power consumption,0.0630005558698785,0.0630005558698785
Memory usage,0.08086884077023827,0.08086884077023827
CPU1 Temp,0.1567209228921339,0.1567209228921339
Fan4 speed,0.22588026268966208,0.22588026268966208
Fan3 speed,0.3374366170985213,0.3374366170985213
Inlet Temp,1.8764514454411407,1.8764514454411407
