feature_name,0,2
Inlet Temp,0.0,0.0
Fan1 speed,0.0,0.0
Fan2 speed,0.0,0.0
Fan4 speed,0.0,0.0
CPU2 Temp,0.04380622602761165,0.04380622602761165
Memory usage,0.0521061857283413,0.0521061857283413
Fan3 speed,0.07509313799182887,0.07509313799182887
CPU1 Temp,0.08370372360081806,0.08370372360081806
Power consumption,0.2893556512197075,0.2893556512197075
