feature_name,0,2
Fan3 speed,0.010359346110739034,0.010359346110739034
Fan4 speed,0.2373450388743141,0.2373450388743141
Fan1 speed,0.3944440227792634,0.3944440227792634
Fan2 speed,0.5251620680276743,0.5251620680276743
Power consumption,0.5638650908669791,0.5638650908669791
Inlet Temp,0.5735753657918022,0.5735753657918022
CPU1 Temp,1.511588653464047,1.511588653464047
Memory usage,1.942997982176462,1.942997982176462
CPU2 Temp,2.087853773437219,2.087853773437219
