feature_name,0,2
Fan2 speed,0.0,0.0
Fan4 speed,0.00032594969634528565,0.00032594969634528565
Fan3 speed,0.004426458638921533,0.004426458638921533
Fan1 speed,1.032078475728821,1.032078475728821
Inlet Temp,1.447970285866211,1.447970285866211
Memory usage,11.007928842653365,11.007928842653365
Power consumption,26.094027215949342,26.094027215949342
CPU2 Temp,71.26151782101034,71.26151782101034
CPU1 Temp,136.24523599296464,136.24523599296464
