feature_name,0,2
Fan2 speed,3.6518434025501444e-05,3.6518434025501444e-05
Fan3 speed,0.0002520897302657277,0.0002520897302657277
Fan4 speed,0.0009307116835880545,0.0009307116835880545
Fan1 speed,0.0023437900038731814,0.0023437900038731814
Inlet Temp,0.006407474100475186,0.006407474100475186
Memory usage,0.06688903937280427,0.06688903937280427
Power consumption,0.5318032771713468,0.5318032771713468
CPU1 Temp,1.4195193568495095,1.4195193568495095
CPU2 Temp,4.573410111791068,4.573410111791068
