feature_name,0,3
CPU2 Temp,0.2668403204338666,0.2668403204338666
CPU1 Temp,0.29473383464603886,0.29473383464603886
Fan4 speed,0.6204131094943458,0.6204131094943458
Fan1 speed,3.8175132682358144,3.8175132682358144
Fan3 speed,6.321761708994479,6.321761708994479
Fan2 speed,8.694843738431718,8.694843738431718
Inlet Temp,27.361362538175815,27.361362538175815
Power consumption,109.32653968754826,109.32653968754826
Memory usage,152.09511124390764,152.09511124390764
