feature_name,0,2
CPU1 Temp,0.03221138035559206,0.03221138035559206
Memory usage,0.04789166506654885,0.04789166506654885
Fan1 speed,0.29231938671343743,0.29231938671343743
Fan3 speed,0.36819527344750524,0.36819527344750524
Fan4 speed,0.39813323418598057,0.39813323418598057
Fan2 speed,0.6159201523839832,0.6159201523839832
CPU2 Temp,0.7125046306045493,0.7125046306045493
Power consumption,0.8755220370881739,0.8755220370881739
Inlet Temp,2.0188868125290322,2.0188868125290322
