feature_name,0,2
Fan3 speed,0.001070160880549896,0.001070160880549896
Fan1 speed,0.024579036177722762,0.024579036177722762
Inlet Temp,0.060374492208475565,0.060374492208475565
Power consumption,0.0709150652162683,0.0709150652162683
Fan4 speed,0.18534949874349668,0.18534949874349668
Fan2 speed,0.21851511112621144,0.21851511112621144
Memory usage,0.26684954231852936,0.26684954231852936
CPU2 Temp,0.3445335770381131,0.3445335770381131
CPU1 Temp,0.537926069125266,0.537926069125266
