feature_name,0,3
Inlet Temp,0.002937586316311346,0.002937586316311346
Fan4 speed,0.005604370034437149,0.005604370034437149
Fan2 speed,0.010677258257447739,0.010677258257447739
Fan3 speed,0.11377155650913998,0.11377155650913998
CPU2 Temp,0.1977410621771758,0.1977410621771758
CPU1 Temp,0.23177481042053374,0.23177481042053374
Fan1 speed,0.28113085305066493,0.28113085305066493
Power consumption,3.7972386790888506,3.7972386790888506
Memory usage,4.895561665995357,4.895561665995357
