feature_name,2,4
Inlet Temp,0.023733653221288686,0.023733653221288686
Fan4 speed,0.03997109819453605,0.03997109819453605
Fan1 speed,0.07359772184628625,0.07359772184628625
Fan2 speed,0.1285467121177248,0.1285467121177248
CPU2 Temp,0.1532191165088856,0.1532191165088856
Fan3 speed,0.17742499737220369,0.17742499737220369
Power consumption,0.19491150816796832,0.19491150816796832
Memory usage,0.5566332077256452,0.5566332077256452
CPU1 Temp,0.8366130818071329,0.8366130818071329
