feature_name,0,2
Inlet Temp,0.0,0.0
Fan3 speed,0.0001694896727606112,0.0001694896727606112
Power consumption,0.011022789462825897,0.011022789462825897
CPU2 Temp,0.01334368515685438,0.01334368515685438
CPU1 Temp,0.05013661821088329,0.05013661821088329
Fan1 speed,0.10119188589599737,0.10119188589599737
Fan4 speed,0.10123729471455364,0.10123729471455364
Fan2 speed,0.9589645580269283,0.9589645580269283
Memory usage,3.457628889720357,3.457628889720357
