feature_name,0,2
Fan4 speed,0.06853062449757961,0.06853062449757961
Fan2 speed,0.07885712173921139,0.07885712173921139
CPU1 Temp,0.10491798500122822,0.10491798500122822
Power consumption,0.318840410526832,0.318840410526832
Inlet Temp,0.4080674047774606,0.4080674047774606
Memory usage,0.43681735776635117,0.43681735776635117
CPU2 Temp,0.5446979137226479,0.5446979137226479
Fan3 speed,0.7020715462593763,0.7020715462593763
Fan1 speed,1.2076064006990435,1.2076064006990435
