feature_name,0,2
Fan2 speed,0.018548345204879864,0.018548345204879864
CPU2 Temp,0.019216671626507333,0.019216671626507333
Memory usage,0.02866305514110521,0.02866305514110521
Fan3 speed,0.17565464265559863,0.17565464265559863
Fan1 speed,0.18889527595458405,0.18889527595458405
CPU1 Temp,0.689228680384993,0.689228680384993
Fan4 speed,0.939957605999326,0.939957605999326
Inlet Temp,1.2648547771823944,1.2648547771823944
Power consumption,1.466864215821011,1.466864215821011
