feature_name,0,2
Inlet Temp,0.002677463163652082,0.002677463163652082
Fan3 speed,0.14796429342545325,0.14796429342545325
Fan2 speed,0.15744920075791652,0.15744920075791652
Memory usage,0.2930861833982788,0.2930861833982788
Fan1 speed,0.29561957866836247,0.29561957866836247
CPU2 Temp,0.4248497976326764,0.4248497976326764
Fan4 speed,0.4551898095564542,0.4551898095564542
Power consumption,0.6672867009581251,0.6672867009581251
CPU1 Temp,2.1900078384022565,2.1900078384022565
