feature_name,0,3
CPU1 Temp,0.17952491741819282,0.17952491741819282
Fan3 speed,0.2740947467301723,0.2740947467301723
CPU2 Temp,0.39021731674043586,0.39021731674043586
Inlet Temp,0.759747074069039,0.759747074069039
Fan2 speed,0.7886636845579779,0.7886636845579779
Memory usage,1.2355861952897536,1.2355861952897536
Fan4 speed,1.272666333843814,1.272666333843814
Power consumption,1.6699396912435516,1.6699396912435516
Fan1 speed,1.8299105598475054,1.8299105598475054
