feature_name,0,2
Fan2 speed,0.00039250034744811157,0.00039250034744811157
Fan3 speed,0.012030517974829971,0.012030517974829971
Inlet Temp,0.020043877857033206,0.020043877857033206
Fan1 speed,0.11235085657912426,0.11235085657912426
Fan4 speed,0.11941703429662194,0.11941703429662194
Memory usage,1.9628086752409175,1.9628086752409175
CPU1 Temp,2.136547052796534,2.136547052796534
CPU2 Temp,3.7510053833345505,3.7510053833345505
Power consumption,4.334659770885083,4.334659770885083
