feature_name,0,2
Inlet Temp,0.0,0.0
Fan4 speed,0.0237575521386855,0.0237575521386855
CPU2 Temp,0.026669844343938442,0.026669844343938442
Fan3 speed,0.06672799671717523,0.06672799671717523
CPU1 Temp,0.07572572118498844,0.07572572118498844
Fan1 speed,0.10370014035323322,0.10370014035323322
Power consumption,0.15023465623213897,0.15023465623213897
Fan2 speed,0.19008791248209111,0.19008791248209111
Memory usage,0.19860191635911795,0.19860191635911795
