feature_name,0,2
CPU1 Temp,0.0006985573626324178,0.0006985573626324178
Fan2 speed,0.0028508960683365386,0.0028508960683365386
Fan3 speed,0.12753372814158656,0.12753372814158656
Fan1 speed,0.20113004555454095,0.20113004555454095
Power consumption,0.2772836982062282,0.2772836982062282
Fan4 speed,0.3206126990049229,0.3206126990049229
Inlet Temp,0.4986636203188668,0.4986636203188668
Memory usage,0.5660865303748213,0.5660865303748213
CPU2 Temp,0.6144507073980945,0.6144507073980945
