feature_name,0,2
Inlet Temp,0.0,0.0
Fan2 speed,0.0,0.0
Fan3 speed,0.0,0.0
Fan4 speed,0.0,0.0
Fan1 speed,1.6670821215338666e-06,1.6670821215338666e-06
CPU1 Temp,6.232945122781365e-06,6.232945122781365e-06
Power consumption,0.08590633017250786,0.08590633017250786
CPU2 Temp,0.15563567479971108,0.15563567479971108
Memory usage,0.21565141538002228,0.21565141538002228
