feature_name,0,2
Fan2 speed,0.0,0.0
Inlet Temp,0.0003573243394929175,0.0003573243394929175
CPU1 Temp,0.00153788007885086,0.00153788007885086
Power consumption,0.025993156325302132,0.025993156325302132
Memory usage,0.12017024536571616,0.12017024536571616
Fan1 speed,0.387951054846277,0.387951054846277
Fan3 speed,0.46877266219631436,0.46877266219631436
CPU2 Temp,0.49780533420014467,0.49780533420014467
Fan4 speed,0.8250541061085707,0.8250541061085707
