feature_name,0,2
Fan1 speed,0.05480667034581679,0.05480667034581679
Inlet Temp,0.09517545434344368,0.09517545434344368
Fan3 speed,0.12925818699740543,0.12925818699740543
Fan4 speed,0.2776037658325412,0.2776037658325412
CPU2 Temp,0.32346739566719657,0.32346739566719657
Memory usage,0.445956228103532,0.445956228103532
Fan2 speed,0.49002000878051083,0.49002000878051083
CPU1 Temp,1.0043723892609644,1.0043723892609644
Power consumption,2.4897821140246426,2.4897821140246426
