feature_name,0,3
Fan1 speed,0.0011460221947883604,0.0011460221947883604
Fan4 speed,0.004804997617619808,0.004804997617619808
Fan3 speed,0.010177567170040489,0.010177567170040489
CPU2 Temp,0.29091812348699747,0.29091812348699747
Fan2 speed,0.8768512465543917,0.8768512465543917
CPU1 Temp,1.5189912822441372,1.5189912822441372
Power consumption,3.2378279376282437,3.2378279376282437
Inlet Temp,3.7872352451201845,3.7872352451201845
Memory usage,9.753254228503685,9.753254228503685
