feature_name,0,2
Fan2 speed,0.026135010182103183,0.026135010182103183
Fan1 speed,0.18194657083267857,0.18194657083267857
Fan3 speed,0.1967095954206957,0.1967095954206957
Fan4 speed,1.3841162976676342,1.3841162976676342
Inlet Temp,1.4332733920676661,1.4332733920676661
Memory usage,15.845142557982768,15.845142557982768
CPU2 Temp,41.25859479377447,41.25859479377447
CPU1 Temp,72.24952866747931,72.24952866747931
Power consumption,113.26217715100009,113.26217715100009
