feature_name,0,2
Fan3 speed,1.698856451692551e-05,1.698856451692551e-05
Memory usage,0.006232518364440932,0.006232518364440932
Fan4 speed,0.008814419451287839,0.008814419451287839
Fan2 speed,0.039557007408465066,0.039557007408465066
CPU2 Temp,0.06423568192185695,0.06423568192185695
CPU1 Temp,0.08019596860545569,0.08019596860545569
Fan1 speed,0.2486613638461027,0.2486613638461027
Inlet Temp,0.6011043228653548,0.6011043228653548
Power consumption,2.8163295623889244,2.8163295623889244
