feature_name,0,2
Fan4 speed,1.7253681385526187e-05,1.7253681385526187e-05
Inlet Temp,0.11735617121498092,0.11735617121498092
Fan3 speed,0.19375487240835249,0.19375487240835249
Fan2 speed,0.5178698549272905,0.5178698549272905
Fan1 speed,0.9738360505817394,0.9738360505817394
Memory usage,5.223877074315092,5.223877074315092
CPU2 Temp,13.51676574596628,13.51676574596628
CPU1 Temp,29.83420066272279,29.83420066272279
Power consumption,45.40586031440683,45.40586031440683
