feature_name,0,2
Fan1 speed,0.0,0.0
Fan2 speed,0.0,0.0
Fan3 speed,0.0,0.0
Fan4 speed,0.0,0.0
CPU2 Temp,0.12604986457421885,0.12604986457421885
Memory usage,0.2751045478309698,0.2751045478309698
CPU1 Temp,0.3338344142162238,0.3338344142162238
Power consumption,0.6671713890083104,0.6671713890083104
Inlet Temp,0.8160442487115904,0.8160442487115904
