feature_name,0,2
Inlet Temp,0.0,0.0
Fan4 speed,0.0,0.0
Fan3 speed,0.03152756369564293,0.03152756369564293
CPU2 Temp,0.052926343024000504,0.052926343024000504
Fan2 speed,0.08512844884860764,0.08512844884860764
Fan1 speed,0.13203618707821108,0.13203618707821108
CPU1 Temp,0.3697450376805699,0.3697450376805699
Power consumption,0.43854992819634986,0.43854992819634986
Memory usage,1.35524948342852,1.35524948342852
