feature_name,0,2
Fan4 speed,0.0019335982338107148,0.0019335982338107148
Fan2 speed,0.01094491420582263,0.01094491420582263
Inlet Temp,0.23167634113536925,0.23167634113536925
Fan1 speed,0.3055607865894878,0.3055607865894878
Fan3 speed,0.639167211459308,0.639167211459308
Power consumption,7.67121829177864,7.67121829177864
Memory usage,14.585345654734166,14.585345654734166
CPU2 Temp,40.169562165816615,40.169562165816615
CPU1 Temp,77.38474987781271,77.38474987781271
