feature_name,0,2
Fan1 speed,0.0003769915609985856,0.0003769915609985856
Fan2 speed,0.0017290365243977325,0.0017290365243977325
CPU1 Temp,0.004002328150304569,0.004002328150304569
CPU2 Temp,0.0239345195901157,0.0239345195901157
Fan3 speed,0.031139257162437192,0.031139257162437192
Fan4 speed,0.040817828017306296,0.040817828017306296
Power consumption,0.11510668461343365,0.11510668461343365
Memory usage,0.16947310275336452,0.16947310275336452
Inlet Temp,0.6393997900119526,0.6393997900119526
