feature_name,0,2
Fan3 speed,0.05675622826236118,0.05675622826236118
Fan4 speed,0.1728938501209764,0.1728938501209764
Inlet Temp,0.22558572994766482,0.22558572994766482
Memory usage,0.3718182477102631,0.3718182477102631
Fan1 speed,0.3756157073405446,0.3756157073405446
Fan2 speed,0.47056152255985845,0.47056152255985845
CPU2 Temp,0.5762598555369629,0.5762598555369629
CPU1 Temp,0.875187650231346,0.875187650231346
Power consumption,4.857078833027445,4.857078833027445
