feature_name,0,2
Fan3 speed,0.0,0.0
CPU2 Temp,5.295244358450874e-05,5.295244358450874e-05
Fan2 speed,0.00010360258188428463,0.00010360258188428463
Fan4 speed,0.00010388307608908895,0.00010388307608908895
CPU1 Temp,0.00015496138793449086,0.00015496138793449086
Fan1 speed,0.11743542278596979,0.11743542278596979
Inlet Temp,0.178511528909242,0.178511528909242
Memory usage,0.21706271022403578,0.21706271022403578
Power consumption,0.3978858690382213,0.3978858690382213
