feature_name,0,2
Inlet Temp,0.10445883637551572,0.10445883637551572
Fan4 speed,0.47570240400460395,0.47570240400460395
CPU1 Temp,0.4769721681221915,0.4769721681221915
Fan2 speed,0.7153243871643545,0.7153243871643545
Fan1 speed,0.7229237132851124,0.7229237132851124
Memory usage,0.9710124725162238,0.9710124725162238
Power consumption,1.4378058689369118,1.4378058689369118
CPU2 Temp,1.5759926134834206,1.5759926134834206
Fan3 speed,3.5213288610877465,3.5213288610877465
