feature_name,0,2
Fan1 speed,0.0,0.0
Fan2 speed,0.0,0.0
Fan3 speed,0.0,0.0
Fan4 speed,0.00105185684089388,0.00105185684089388
Memory usage,0.04418633637390075,0.04418633637390075
CPU1 Temp,0.11829512392801876,0.11829512392801876
Inlet Temp,0.7118400227081928,0.7118400227081928
CPU2 Temp,1.2831382752121363,1.2831382752121363
Power consumption,1.596609911121659,1.596609911121659
