feature_name,0,2
CPU2 Temp,0.0,0.0
Inlet Temp,0.0,0.0
Fan4 speed,0.0027771272565403687,0.0027771272565403687
Fan3 speed,0.003939821322661596,0.003939821322661596
Fan1 speed,0.005821068812928494,0.005821068812928494
CPU1 Temp,0.007542503567740368,0.007542503567740368
Fan2 speed,0.07254090631556813,0.07254090631556813
Memory usage,0.23834315981309598,0.23834315981309598
Power consumption,0.25982315569448783,0.25982315569448783
