feature_name,0,2
Fan3 speed,0.0,0.0
Fan2 speed,0.003931592874862767,0.003931592874862767
Inlet Temp,0.006092793112114175,0.006092793112114175
Fan1 speed,0.007225884193312785,0.007225884193312785
Fan4 speed,0.016743150612772793,0.016743150612772793
Memory usage,0.17741644444195104,0.17741644444195104
CPU1 Temp,0.25016195273061964,0.25016195273061964
Power consumption,0.281019865112199,0.281019865112199
CPU2 Temp,0.2832782632099911,0.2832782632099911
