feature_name,0,2
Inlet Temp,0.0,0.0
Fan2 speed,0.0,0.0
Fan3 speed,0.0,0.0
Fan4 speed,0.0,0.0
CPU2 Temp,2.220446049250313e-16,2.220446049250313e-16
Fan1 speed,8.635130441126109e-05,8.635130441126109e-05
Power consumption,0.06349271077958035,0.06349271077958035
CPU1 Temp,0.17749904410964584,0.17749904410964584
Memory usage,0.7603878466181933,0.7603878466181933
