feature_name,0,2
CPU2 Temp,0.0,0.0
Inlet Temp,0.0,0.0
Fan2 speed,0.0030140503692400815,0.0030140503692400815
Fan1 speed,0.10461480023866532,0.10461480023866532
Power consumption,0.14245502627718118,0.14245502627718118
Fan3 speed,0.1815952287442626,0.1815952287442626
Fan4 speed,0.18708974798181688,0.18708974798181688
CPU1 Temp,0.2523474237304297,0.2523474237304297
Memory usage,0.419403894802447,0.419403894802447
