feature_name,0,2
Fan2 speed,0.0,0.0
Fan4 speed,0.0005207494262254871,0.0005207494262254871
CPU1 Temp,0.0037680841480959865,0.0037680841480959865
Inlet Temp,0.0069943464762976665,0.0069943464762976665
Fan3 speed,0.018232226184161846,0.018232226184161846
Fan1 speed,0.06526699577783818,0.06526699577783818
CPU2 Temp,0.07837950374235786,0.07837950374235786
Memory usage,0.4512393333008154,0.4512393333008154
Power consumption,0.46145564235272113,0.46145564235272113
