feature_name,0,2
Fan1 speed,0.005179791608641672,0.005179791608641672
Fan2 speed,0.032266730722697666,0.032266730722697666
Fan4 speed,0.14778263144932588,0.14778263144932588
Memory usage,0.2140568102087719,0.2140568102087719
Fan3 speed,0.686821724531014,0.686821724531014
CPU2 Temp,0.9396631663810064,0.9396631663810064
CPU1 Temp,1.3803667754428501,1.3803667754428501
Inlet Temp,2.1116555701023407,2.1116555701023407
Power consumption,2.2299597956058013,2.2299597956058013
