feature_name,0,2
Fan2 speed,1.6174659619484777e-08,1.6174659619484777e-08
Fan4 speed,5.959767091293089e-08,5.959767091293089e-08
Fan1 speed,0.000194949037899508,0.000194949037899508
Memory usage,0.001820141676279143,0.001820141676279143
Inlet Temp,0.0070896490480647995,0.0070896490480647995
Fan3 speed,0.1907120218068212,0.1907120218068212
CPU1 Temp,0.6384253593517423,0.6384253593517423
Power consumption,0.8908814527233266,0.8908814527233266
CPU2 Temp,3.5406989564660925,3.5406989564660925
