feature_name,0,2
Fan1 speed,0.2911730068133287,0.2911730068133287
Fan2 speed,0.848336606119958,0.848336606119958
Fan4 speed,2.2088987046814252,2.2088987046814252
Fan3 speed,2.678453923639641,2.678453923639641
CPU2 Temp,4.2367965421120894,4.2367965421120894
Inlet Temp,10.846189512869778,10.846189512869778
CPU1 Temp,13.276149364811857,13.276149364811857
Power consumption,17.0046162460677,17.0046162460677
Memory usage,22.468883112697565,22.468883112697565
