feature_name,0,2
Fan3 speed,0.0,0.0
Fan2 speed,2.0390679242984246e-05,2.0390679242984246e-05
CPU2 Temp,0.010517709501161267,0.010517709501161267
Fan1 speed,0.03540861620184733,0.03540861620184733
Fan4 speed,0.044504365971229184,0.044504365971229184
Inlet Temp,0.259904201106872,0.259904201106872
Power consumption,0.39455659492404227,0.39455659492404227
CPU1 Temp,0.41189930194519053,0.41189930194519053
Memory usage,0.5200853519142151,0.5200853519142151
