feature_name,0,2
Fan3 speed,3.4886574510895486e-05,3.4886574510895486e-05
CPU2 Temp,0.00244966276333049,0.00244966276333049
Fan2 speed,0.024253609799080953,0.024253609799080953
CPU1 Temp,0.02962795014801555,0.02962795014801555
Fan4 speed,0.04876588435426325,0.04876588435426325
Power consumption,0.07634213409836337,0.07634213409836337
Fan1 speed,0.08321900675924555,0.08321900675924555
Memory usage,0.127179226553186,0.127179226553186
Inlet Temp,0.2016530532599092,0.2016530532599092
