feature_name,0,2
Fan3 speed,0.0,0.0
Fan2 speed,2.0847607655818945e-08,2.0847607655818945e-08
Fan1 speed,7.618737226626135e-06,7.618737226626135e-06
Fan4 speed,0.0073446857862514104,0.0073446857862514104
Inlet Temp,0.008047660538150665,0.008047660538150665
Memory usage,0.23450064286265834,0.23450064286265834
CPU2 Temp,0.5766966637944074,0.5766966637944074
CPU1 Temp,0.9839931374295989,0.9839931374295989
Power consumption,3.145074537316759,3.145074537316759
