feature_name,0,2
Fan2 speed,6.349176474320078e-07,6.349176474320078e-07
Fan4 speed,0.00018988396504191878,0.00018988396504191878
Fan3 speed,0.0020793013555349764,0.0020793013555349764
Inlet Temp,0.005672364093470082,0.005672364093470082
Fan1 speed,0.0538544725787808,0.0538544725787808
CPU1 Temp,0.15012259123476965,0.15012259123476965
Memory usage,0.1609536090424706,0.1609536090424706
CPU2 Temp,0.1801505102104806,0.1801505102104806
Power consumption,0.5396094567944385,0.5396094567944385
