feature_name,0,2
Fan1 speed,0.0,0.0
Fan2 speed,0.0,0.0
Fan3 speed,0.0,0.0
Fan4 speed,0.0,0.0
Inlet Temp,0.021366848008998553,0.021366848008998553
Memory usage,0.14985730647663206,0.14985730647663206
CPU1 Temp,0.2368407382808996,0.2368407382808996
Power consumption,0.357160520273507,0.357160520273507
CPU2 Temp,1.4081837073226118,1.4081837073226118
