feature_name,0,2
CPU2 Temp,0.0,0.0
Inlet Temp,0.0,0.0
Fan4 speed,2.71566440491716e-05,2.71566440491716e-05
Fan2 speed,4.008740349159556e-05,4.008740349159556e-05
Fan1 speed,5.08997967984242e-05,5.08997967984242e-05
Power consumption,0.0764205041506226,0.0764205041506226
CPU1 Temp,0.09200197183154771,0.09200197183154771
Memory usage,0.15632843271309957,0.15632843271309957
Fan3 speed,0.25566612910904285,0.25566612910904285
