feature_name,0,2
Fan2 speed,0.0,0.0
Fan1 speed,3.4637688892399845e-05,3.4637688892399845e-05
CPU1 Temp,0.0002830889903162456,0.0002830889903162456
Memory usage,0.008350166397714917,0.008350166397714917
CPU2 Temp,0.01584442940960228,0.01584442940960228
Fan4 speed,0.026161721993942705,0.026161721993942705
Fan3 speed,0.03046039002223822,0.03046039002223822
Inlet Temp,0.1682095287028354,0.1682095287028354
Power consumption,0.2510195783826769,0.2510195783826769
