feature_name,0,2
Fan4 speed,1.2422486065880901e-05,1.2422486065880901e-05
Fan2 speed,0.005855939463046522,0.005855939463046522
CPU2 Temp,0.02074068317453211,0.02074068317453211
Fan3 speed,0.04720808059365975,0.04720808059365975
Inlet Temp,0.10356045545227863,0.10356045545227863
CPU1 Temp,0.19606289685763015,0.19606289685763015
Fan1 speed,0.28111306855532997,0.28111306855532997
Power consumption,0.5381784050646311,0.5381784050646311
Memory usage,0.9114112003412398,0.9114112003412398
