feature_name,0,2
Fan4 speed,0.07543574811503663,0.07543574811503663
Fan1 speed,0.7327051045614811,0.7327051045614811
Inlet Temp,0.9857507538618291,0.9857507538618291
Fan2 speed,1.4428714180074773,1.4428714180074773
Memory usage,3.13540240114957,3.13540240114957
Fan3 speed,6.474305292975718,6.474305292975718
CPU1 Temp,46.71660802809716,46.71660802809716
Power consumption,66.95695176246615,66.95695176246615
CPU2 Temp,134.6281963165151,134.6281963165151
