feature_name,0,2
Fan2 speed,0.015968078921976617,0.015968078921976617
Fan1 speed,0.024003279003329967,0.024003279003329967
Memory usage,0.06044089822945001,0.06044089822945001
CPU2 Temp,0.06450845654609859,0.06450845654609859
Fan3 speed,0.11230602001462828,0.11230602001462828
CPU1 Temp,0.18880687306802577,0.18880687306802577
Power consumption,0.23012458267874566,0.23012458267874566
Fan4 speed,0.23385766641574143,0.23385766641574143
Inlet Temp,0.5059117670820692,0.5059117670820692
