feature_name,0,2
Fan3 speed,0.011279729059727236,0.011279729059727236
Fan1 speed,0.18611224136012638,0.18611224136012638
Fan4 speed,1.1173573186005146,1.1173573186005146
Fan2 speed,2.182823309689781,2.182823309689781
Inlet Temp,2.324453338836048,2.324453338836048
CPU2 Temp,3.53579185373,3.53579185373
Power consumption,16.652467650886702,16.652467650886702
CPU1 Temp,19.356897315505847,19.356897315505847
Memory usage,26.881052701369292,26.881052701369292
