feature_name,0,2
Fan3 speed,0.0,0.0
Inlet Temp,4.336808689942018e-19,4.336808689942018e-19
Fan2 speed,2.808592252146174e-06,2.808592252146174e-06
Fan1 speed,2.0079056246064767e-05,2.0079056246064767e-05
Fan4 speed,5.882831599272865e-05,5.882831599272865e-05
Power consumption,0.18294801219890494,0.18294801219890494
Memory usage,0.260880263788711,0.260880263788711
CPU2 Temp,0.30322664847977693,0.30322664847977693
CPU1 Temp,1.259581021537667,1.259581021537667
