feature_name,0,3
Inlet Temp,0.007542851337876122,0.007542851337876122
Memory usage,0.017675121143951807,0.017675121143951807
Fan2 speed,0.03178213076792727,0.03178213076792727
Fan1 speed,0.07762532182858871,0.07762532182858871
Fan3 speed,0.10557266056430097,0.10557266056430097
Fan4 speed,0.26197539071842074,0.26197539071842074
CPU1 Temp,0.6448118391037139,0.6448118391037139
CPU2 Temp,0.8948827705844777,0.8948827705844777
Power consumption,1.5148535085113213,1.5148535085113213
