feature_name,0,2
Fan1 speed,0.004271254147166606,0.004271254147166606
Inlet Temp,0.010789852082461748,0.010789852082461748
Memory usage,0.03236573212902295,0.03236573212902295
Fan3 speed,0.04735347945950251,0.04735347945950251
Fan4 speed,0.07300564181186255,0.07300564181186255
CPU2 Temp,0.10897670919346886,0.10897670919346886
Fan2 speed,0.12808190790966117,0.12808190790966117
CPU1 Temp,0.16498835571601783,0.16498835571601783
Power consumption,1.9168072783922843,1.9168072783922843
