feature_name,0,2
Fan3 speed,0.08257937716765498,0.08257937716765498
Memory usage,0.08665355420067337,0.08665355420067337
CPU1 Temp,0.1440109189041237,0.1440109189041237
Fan2 speed,0.15182278719279954,0.15182278719279954
Fan4 speed,0.24990482026779487,0.24990482026779487
Fan1 speed,0.45174773186020484,0.45174773186020484
Inlet Temp,0.838292377727454,0.838292377727454
CPU2 Temp,1.8590533893747938,1.8590533893747938
Power consumption,2.888006733656393,2.888006733656393
