feature_name,0,3
Fan4 speed,0.06144230033656185,0.06144230033656185
Fan2 speed,0.07208790208803487,0.07208790208803487
Fan3 speed,0.2816975984763184,0.2816975984763184
Fan1 speed,1.4047274535428451,1.4047274535428451
Inlet Temp,1.6243735788352858,1.6243735788352858
Power consumption,10.601571077217118,10.601571077217118
CPU1 Temp,60.51432207922461,60.51432207922461
Memory usage,82.81633203610193,82.81633203610193
CPU2 Temp,175.7235107359029,175.7235107359029
