feature_name,0,3
Fan2 speed,0.006400720150458808,0.006400720150458808
Inlet Temp,0.01478466989201568,0.01478466989201568
Fan1 speed,0.0157162385139995,0.0157162385139995
Fan3 speed,0.02251353360520238,0.02251353360520238
Fan4 speed,1.1337453030332763,1.1337453030332763
CPU2 Temp,2.480560811639746,2.480560811639746
Power consumption,11.624636173529948,11.624636173529948
CPU1 Temp,11.697365366784398,11.697365366784398
Memory usage,17.045461897534995,17.045461897534995
