feature_name,0,2
Inlet Temp,0.03637896606928081,0.03637896606928081
Fan3 speed,0.046473899059359926,0.046473899059359926
Memory usage,0.07023116393711232,0.07023116393711232
Fan4 speed,0.18654703374101209,0.18654703374101209
Fan1 speed,0.21012179385246266,0.21012179385246266
Power consumption,0.25687780119083176,0.25687780119083176
CPU2 Temp,0.35796860764586946,0.35796860764586946
CPU1 Temp,0.4505505881656872,0.4505505881656872
Fan2 speed,0.8270586404550563,0.8270586404550563
