feature_name,0,2
CPU2 Temp,0.0,0.0
Memory usage,0.0,0.0
Fan1 speed,0.0,0.0
Fan2 speed,0.0,0.0
Fan3 speed,0.0,0.0
Fan4 speed,0.0,0.0
CPU1 Temp,1.1102230246251565e-16,1.1102230246251565e-16
Inlet Temp,0.01162199370454764,0.01162199370454764
Power consumption,0.02284322900548963,0.02284322900548963
