feature_name,0,2
Fan2 speed,0.05934169508208194,0.05934169508208194
Fan1 speed,1.101733332374434,1.101733332374434
Fan4 speed,1.3902073463012223,1.3902073463012223
Fan3 speed,3.3583333360037324,3.3583333360037324
CPU2 Temp,6.243232557695051,6.243232557695051
Inlet Temp,8.232938222028624,8.232938222028624
Power consumption,20.926353689754688,20.926353689754688
CPU1 Temp,21.305562044164446,21.305562044164446
Memory usage,26.0747386636098,26.0747386636098
