feature_name,0,2
Fan4 speed,0.0,0.0
Fan2 speed,6.505213034913027e-19,6.505213034913027e-19
Fan1 speed,7.068998164605489e-17,7.068998164605489e-17
Inlet Temp,4.75129182289538e-07,4.75129182289538e-07
Fan3 speed,1.2774501355652858e-05,1.2774501355652858e-05
Memory usage,3.244500269900972e-05,3.244500269900972e-05
Power consumption,0.06660302705505095,0.06660302705505095
CPU2 Temp,0.4431746005868044,0.4431746005868044
CPU1 Temp,1.92466736115967,1.92466736115967
