feature_name,0,2
Fan1 speed,2.6020852139652106e-18,2.6020852139652106e-18
Fan2 speed,8.429517105204261e-07,8.429517105204261e-07
Inlet Temp,1.8402701562215268e-06,1.8402701562215268e-06
Fan4 speed,1.2718569299711427e-05,1.2718569299711427e-05
Fan3 speed,0.009700041214796569,0.009700041214796569
Memory usage,0.32098169523820774,0.32098169523820774
Power consumption,0.6727297376622742,0.6727297376622742
CPU2 Temp,1.6235450772242723,1.6235450772242723
CPU1 Temp,8.84825444773922,8.84825444773922
