feature_name,0,2
Fan2 speed,2.0939541788000948e-08,2.0939541788000948e-08
Fan1 speed,2.1926754943842053e-08,2.1926754943842053e-08
Fan4 speed,2.3132449031844945e-05,2.3132449031844945e-05
Memory usage,0.006330027239111255,0.006330027239111255
Inlet Temp,0.010305718788096267,0.010305718788096267
Fan3 speed,0.03571244384338361,0.03571244384338361
CPU2 Temp,0.19159202691856025,0.19159202691856025
CPU1 Temp,0.196141434264696,0.196141434264696
Power consumption,2.001981056964945,2.001981056964945
