feature_name,0,2
Inlet Temp,0.0,0.0
Fan2 speed,0.0006244731907746742,0.0006244731907746742
Fan3 speed,0.004141836615882863,0.004141836615882863
Fan1 speed,0.0054563678818376074,0.0054563678818376074
Fan4 speed,0.011361852171551176,0.011361852171551176
CPU2 Temp,0.026581970921384496,0.026581970921384496
CPU1 Temp,0.1912323757305723,0.1912323757305723
Memory usage,0.24241460904975506,0.24241460904975506
Power consumption,0.33360215230499024,0.33360215230499024
