feature_name,0,2
Fan3 speed,0.0,0.0
Fan4 speed,0.0,0.0
Fan1 speed,1.7227920962210874e-08,1.7227920962210874e-08
Fan2 speed,1.774480519033811e-08,1.774480519033811e-08
Inlet Temp,8.72423519654962e-08,8.72423519654962e-08
Power consumption,0.04889833308638683,0.04889833308638683
Memory usage,0.1358138344872282,0.1358138344872282
CPU2 Temp,0.4182581141322251,0.4182581141322251
CPU1 Temp,1.546441091612281,1.546441091612281
