feature_name,0,2
Fan2 speed,0.0018854416562216411,0.0018854416562216411
Fan1 speed,0.013364731938225358,0.013364731938225358
Inlet Temp,0.18935613289142683,0.18935613289142683
Fan4 speed,0.6591755847120775,0.6591755847120775
Fan3 speed,1.090820992445717,1.090820992445717
Memory usage,5.44243503996555,5.44243503996555
CPU2 Temp,13.891243097534739,13.891243097534739
Power consumption,20.39867587861185,20.39867587861185
CPU1 Temp,36.10192432592315,36.10192432592315
