feature_name,0,2
Fan1 speed,0.0,0.0
Fan3 speed,7.918795831168856e-07,7.918795831168856e-07
Inlet Temp,1.11811950034282e-06,1.11811950034282e-06
Power consumption,5.462848845445194e-05,5.462848845445194e-05
Fan2 speed,0.00023083422595959724,0.00023083422595959724
Fan4 speed,0.00038906777956932857,0.00038906777956932857
Memory usage,0.06938950948305447,0.06938950948305447
CPU2 Temp,0.46200134737742293,0.46200134737742293
CPU1 Temp,2.0076022904039696,2.0076022904039696
