feature_name,0,2
Inlet Temp,0.0003883218751516756,0.0003883218751516756
Fan2 speed,0.006174250021899773,0.006174250021899773
CPU2 Temp,0.07706810127706691,0.07706810127706691
Fan4 speed,0.3520356762535279,0.3520356762535279
Memory usage,0.7638437087067024,0.7638437087067024
Fan1 speed,0.8773233625865718,0.8773233625865718
CPU1 Temp,0.8920160550664205,0.8920160550664205
Power consumption,1.0036950557579936,1.0036950557579936
Fan3 speed,1.5409732952797766,1.5409732952797766
