feature_name,0,2,3
Fan1 speed,0.0,0.0,0.0
Fan2 speed,0.0,0.0,0.0
Fan3 speed,0.0,0.0,0.0
Fan4 speed,0.0,0.0,0.0
Inlet Temp,0.0,0.0,0.008299481268285116
CPU2 Temp,0.017092305319102268,0.013533624452386508,0.0013288509943747357
CPU1 Temp,0.14813318116958785,0.12846852110965779,0.003894901961588508
Memory usage,0.48965060798265103,0.003414344365850372,0.5835525821679935
Power consumption,0.6042235258703303,0.5082497917693064,0.12154939755826297
