feature_name,0,2
Fan2 speed,0.0037011271751132427,0.0037011271751132427
Fan3 speed,0.004268347249759669,0.004268347249759669
Fan4 speed,0.00605252185712629,0.00605252185712629
Fan1 speed,0.01036911506387607,0.01036911506387607
Inlet Temp,0.025936711793861634,0.025936711793861634
CPU2 Temp,0.0658046824901293,0.0658046824901293
Memory usage,0.26904377885340774,0.26904377885340774
CPU1 Temp,0.8441034719573343,0.8441034719573343
Power consumption,4.299310910048404,4.299310910048404
