feature_name,0,2
CPU2 Temp,0.0005566302035314894,0.0005566302035314894
Fan2 speed,0.030418116122614643,0.030418116122614643
Inlet Temp,0.08669667537720306,0.08669667537720306
Fan4 speed,0.09065651115012185,0.09065651115012185
Power consumption,0.18421420065634317,0.18421420065634317
Fan1 speed,0.27950495369678907,0.27950495369678907
Fan3 speed,0.28893944179113834,0.28893944179113834
CPU1 Temp,0.359579413978444,0.359579413978444
Memory usage,1.2852263390077339,1.2852263390077339
