feature_name,0,2
CPU1 Temp,0.0004302626393579319,0.0004302626393579319
Fan2 speed,0.0011817411964543277,0.0011817411964543277
Fan3 speed,0.014024111900582215,0.014024111900582215
Fan1 speed,0.014065722771666438,0.014065722771666438
Fan4 speed,0.02830336292742568,0.02830336292742568
Power consumption,0.14442722162004676,0.14442722162004676
Memory usage,0.18524120003970695,0.18524120003970695
CPU2 Temp,0.322768807569023,0.322768807569023
Inlet Temp,0.6689908221081325,0.6689908221081325
