feature_name,0,3
Fan4 speed,0.011981867576411528,0.011981867576411528
CPU2 Temp,0.015208921289223468,0.015208921289223468
CPU1 Temp,0.020496057240606467,0.020496057240606467
Fan3 speed,0.03705386995338056,0.03705386995338056
Fan1 speed,0.14339746416005386,0.14339746416005386
Fan2 speed,0.23092160555462293,0.23092160555462293
Inlet Temp,1.3621429004786603,1.3621429004786603
Memory usage,1.8379388062162074,1.8379388062162074
Power consumption,3.706253742213185,3.706253742213185
