feature_name,0,2
Fan4 speed,0.0007012762844897153,0.0007012762844897153
Fan1 speed,0.057702129718526514,0.057702129718526514
Fan2 speed,0.07115142168437855,0.07115142168437855
Fan3 speed,0.3573108717424401,0.3573108717424401
Inlet Temp,1.2579023136944618,1.2579023136944618
Memory usage,6.871043303969048,6.871043303969048
Power consumption,21.4048608695246,21.4048608695246
CPU2 Temp,52.425803375052496,52.425803375052496
CPU1 Temp,100.38821133951701,100.38821133951701
