feature_name,0,2
Fan4 speed,0.02671288896357585,0.02671288896357585
CPU1 Temp,0.05344913985708258,0.05344913985708258
Fan1 speed,0.1022352202044316,0.1022352202044316
Inlet Temp,0.12167830023284901,0.12167830023284901
Fan2 speed,0.18116382180753826,0.18116382180753826
Fan3 speed,0.358212481160003,0.358212481160003
CPU2 Temp,1.0286733134453885,1.0286733134453885
Memory usage,1.250092733129036,1.250092733129036
Power consumption,3.3730197165793023,3.3730197165793023
