feature_name,0,2
Fan1 speed,0.0,0.0
Fan2 speed,0.0,0.0
Fan3 speed,0.0,0.0
Fan4 speed,8.093688813199437e-06,8.093688813199437e-06
Inlet Temp,0.007843678287992716,0.007843678287992716
CPU2 Temp,0.37710264537272203,0.37710264537272203
Memory usage,0.5382142139801246,0.5382142139801246
Power consumption,0.715617803570304,0.715617803570304
CPU1 Temp,5.408186907621688,5.408186907621688
