feature_name,0,2
Inlet Temp,0.0,0.0
Fan1 speed,0.0,0.0
CPU2 Temp,0.0018480413677667271,0.0018480413677667271
Fan3 speed,0.013161872046579235,0.013161872046579235
CPU1 Temp,0.017451392338244685,0.017451392338244685
Fan4 speed,0.020972920785383663,0.020972920785383663
Fan2 speed,0.038853788895436364,0.038853788895436364
Memory usage,0.09045226441881804,0.09045226441881804
Power consumption,0.15651686752002847,0.15651686752002847
