feature_name,0,2
CPU2 Temp,0.0,0.0
Fan1 speed,0.0,0.0
Fan4 speed,0.0,0.0
CPU1 Temp,0.0002950148557068341,0.0002950148557068341
Fan2 speed,0.03341075666127963,0.03341075666127963
Inlet Temp,0.03443337609955136,0.03443337609955136
Fan3 speed,0.08491580631466043,0.08491580631466043
Memory usage,0.1721560848488505,0.1721560848488505
Power consumption,0.18760145889446925,0.18760145889446925
