feature_name,0,2
Fan4 speed,0.0,0.0
Fan2 speed,2.841172258370283e-07,2.841172258370283e-07
Fan1 speed,0.00020314461470938338,0.00020314461470938338
Inlet Temp,0.13298580393597179,0.13298580393597179
Fan3 speed,0.15295472300133722,0.15295472300133722
CPU2 Temp,3.5652634156788654,3.5652634156788654
CPU1 Temp,7.900540905848653,7.900540905848653
Power consumption,17.352574609064202,17.352574609064202
Memory usage,20.39200246361517,20.39200246361517
