feature_name,0,2
Inlet Temp,4.354265576252646e-06,4.354265576252646e-06
Fan2 speed,0.000447756707803078,0.000447756707803078
Fan3 speed,0.00045519002281298356,0.00045519002281298356
Fan1 speed,0.0011928898213107587,0.0011928898213107587
Fan4 speed,0.0013723999394733085,0.0013723999394733085
Memory usage,0.08660628958202551,0.08660628958202551
CPU1 Temp,1.5510875179161365,1.5510875179161365
Power consumption,2.001955087799065,2.001955087799065
CPU2 Temp,8.281254063793133,8.281254063793133
