feature_name,0,2
CPU2 Temp,0.0,0.0
Fan2 speed,0.016906424117403902,0.016906424117403902
CPU1 Temp,0.06708369428360045,0.06708369428360045
Fan4 speed,0.17889617214842127,0.17889617214842127
Fan1 speed,0.19017074055477537,0.19017074055477537
Inlet Temp,0.19507318504442558,0.19507318504442558
Fan3 speed,0.4518475250213517,0.4518475250213517
Memory usage,0.4554664715521998,0.4554664715521998
Power consumption,0.5241216268210857,0.5241216268210857
