feature_name,0,2
Inlet Temp,0.004308157028453702,0.004308157028453702
CPU2 Temp,0.016185935864424853,0.016185935864424853
CPU1 Temp,0.05694151662982866,0.05694151662982866
Fan3 speed,0.09473545284411368,0.09473545284411368
Fan1 speed,0.19636913253167368,0.19636913253167368
Power consumption,0.4089128631719353,0.4089128631719353
Fan4 speed,0.4757912058891387,0.4757912058891387
Memory usage,0.4804618216487684,0.4804618216487684
Fan2 speed,0.5360229458512459,0.5360229458512459
