feature_name,0,2
Fan3 speed,0.004930799315279635,0.004930799315279635
Fan1 speed,0.014789564710568663,0.014789564710568663
Fan4 speed,0.027290684610407956,0.027290684610407956
Fan2 speed,0.12777669342556952,0.12777669342556952
Memory usage,0.21037080848968928,0.21037080848968928
CPU2 Temp,0.28225814416375444,0.28225814416375444
Power consumption,0.5784242373702704,0.5784242373702704
CPU1 Temp,1.3007237405133643,1.3007237405133643
Inlet Temp,2.9509366914138075,2.9509366914138075
