feature_name,0,2
Fan1 speed,0.0,0.0
Fan2 speed,0.0,0.0
Memory usage,0.03333569749624254,0.03333569749624254
Fan3 speed,0.22045846781452919,0.22045846781452919
CPU2 Temp,0.3771854410393861,0.3771854410393861
CPU1 Temp,0.6066028023780948,0.6066028023780948
Fan4 speed,0.852596098577518,0.852596098577518
Power consumption,2.6882007357940165,2.6882007357940165
Inlet Temp,3.8531017314501455,3.8531017314501455
