feature_name,0,2
Fan4 speed,0.006122217665227535,0.006122217665227535
Inlet Temp,0.03595011058842744,0.03595011058842744
CPU2 Temp,0.04269164975966816,0.04269164975966816
Fan2 speed,0.06755174856693032,0.06755174856693032
Fan3 speed,0.1707428460345757,0.1707428460345757
Fan1 speed,0.26121931108608215,0.26121931108608215
CPU1 Temp,0.2965941534701283,0.2965941534701283
Power consumption,2.5210115104922712,2.5210115104922712
Memory usage,3.582028086401174,3.582028086401174
