feature_name,0,2
Fan4 speed,0.19965201652907047,0.19965201652907047
Fan1 speed,0.21839952879061195,0.21839952879061195
CPU2 Temp,0.2662762909728939,0.2662762909728939
Inlet Temp,0.3276492406284306,0.3276492406284306
Power consumption,0.44098541319595685,0.44098541319595685
Memory usage,0.44208278848115967,0.44208278848115967
Fan3 speed,0.49930995529892847,0.49930995529892847
CPU1 Temp,1.33151023352424,1.33151023352424
Fan2 speed,1.54342397043076,1.54342397043076
