feature_name,0,3
Inlet Temp,0.00665310068584109,0.00665310068584109
CPU2 Temp,0.012892219857613019,0.012892219857613019
Fan3 speed,0.022748607764887626,0.022748607764887626
Fan2 speed,0.02925319581552951,0.02925319581552951
Fan1 speed,0.04617287533847668,0.04617287533847668
Fan4 speed,0.21948525530754243,0.21948525530754243
Memory usage,0.33232595630554745,0.33232595630554745
CPU1 Temp,0.37041406907413194,0.37041406907413194
Power consumption,0.5303693672220398,0.5303693672220398
