feature_name,0,3
Inlet Temp,0.0,0.0
Fan2 speed,0.0,0.0
Fan4 speed,0.0,0.0
Fan3 speed,0.0004135742133556256,0.0004135742133556256
Fan1 speed,0.0023203772476365165,0.0023203772476365165
CPU2 Temp,0.1316031253477023,0.1316031253477023
CPU1 Temp,0.24326943343779472,0.24326943343779472
Power consumption,0.39018348746041187,0.39018348746041187
Memory usage,0.5142059020703913,0.5142059020703913
