feature_name,0,3
Fan4 speed,0.07742583584562034,0.07742583584562034
Fan3 speed,0.10690891289668174,0.10690891289668174
Fan2 speed,0.19722268443414342,0.19722268443414342
Fan1 speed,0.24440005631047318,0.24440005631047318
Inlet Temp,1.319583586492057,1.319583586492057
Power consumption,11.476902017456784,11.476902017456784
CPU2 Temp,24.9781659756769,24.9781659756769
Memory usage,47.001140462503834,47.001140462503834
CPU1 Temp,101.6132407804942,101.6132407804942
