feature_name,0,2
Fan3 speed,0.0,0.0
Fan1 speed,3.469446951953614e-17,3.469446951953614e-17
Fan4 speed,8.961630047041487e-07,8.961630047041487e-07
Fan2 speed,1.37260065629914e-06,1.37260065629914e-06
Inlet Temp,0.04377355488579758,0.04377355488579758
Memory usage,0.08370369544832912,0.08370369544832912
CPU1 Temp,0.14383380520142144,0.14383380520142144
CPU2 Temp,0.6091823015141016,0.6091823015141016
Power consumption,2.62747129736483,2.62747129736483
