feature_name,0,2
Fan3 speed,4.1113789155588706e-07,4.1113789155588706e-07
Inlet Temp,9.79004984306281e-07,9.79004984306281e-07
Fan2 speed,1.365095356742601e-06,1.365095356742601e-06
Fan1 speed,0.0007128406055259183,0.0007128406055259183
Fan4 speed,0.016971756791011827,0.016971756791011827
Memory usage,0.05009622272752295,0.05009622272752295
CPU2 Temp,0.2138535032621575,0.2138535032621575
CPU1 Temp,0.4063255796400436,0.4063255796400436
Power consumption,2.4279901841747744,2.4279901841747744
