feature_name,0,1,2,3,4,5,6
Inlet Temp,0.3702281508690818,0.05029793355121992,0.050146248310874386,0.108635091053311,0.016134178562654544,0.2523133105626805,0.08009696996528631
CPU2 Temp,0.13282820802546091,0.06447739288862622,0.6145302607908739,0.42474133874967185,0.1417847828191597,0.13710880844618342,0.4174838259224985
Fan3 speed,0.1430845714965417,1.9365611099209784e-05,0.7370338624884822,0.41433862150658907,0.23075910206035832,0.44731403903084505,0.04985164356883027
Fan4 speed,0.3631442444606144,0.0004813265400603001,0.29407104888578156,0.04809495823931466,0.4036009304871294,0.8640100454129086,0.07972347381342021
Fan1 speed,0.14347494193599553,0.011100383821574999,0.9914228097892348,0.012255012199321841,0.8233429231872457,0.1881640924125111,0.12656162315566766
Fan2 speed,0.30873968079399,0.0019766932086463314,1.167471084074236,0.2777985317827805,0.2306517186852422,0.9550380248890757,0.15717661538276156
CPU1 Temp,0.466208268755491,0.04298660274592822,1.6590173193339446,0.09536536548730457,0.4213721594758536,0.18933208168470644,0.8303215204356876
Power consumption,0.733404655792325,0.03375602524812196,1.5350685418339054,0.7040856587359552,0.5497408879408764,0.4260545976444194,0.2587559863295309
Memory usage,0.918198238263851,0.12040072288698196,0.3098272067901601,2.4396149611109452,0.6478023582182917,0.05303133577860737,0.916009133969235
