feature_name,0,2
Inlet Temp,0.0,0.0
Memory usage,0.0038688060606488616,0.0038688060606488616
Fan4 speed,0.003973864707897443,0.003973864707897443
Fan3 speed,0.022930964790521643,0.022930964790521643
Fan2 speed,0.024081166630810384,0.024081166630810384
Fan1 speed,0.03681109821183893,0.03681109821183893
CPU1 Temp,0.1454980659705845,0.1454980659705845
CPU2 Temp,0.6850302728515637,0.6850302728515637
Power consumption,3.0989795742171844,3.0989795742171844
