feature_name,0,2
Memory usage,0.16143778624612862,0.16143778624612862
Fan3 speed,0.38371361782523306,0.38371361782523306
Fan2 speed,0.4576785156586708,0.4576785156586708
Fan4 speed,0.47243966500105816,0.47243966500105816
Fan1 speed,0.4911432329390858,0.4911432329390858
Inlet Temp,0.5510439615006899,0.5510439615006899
CPU2 Temp,0.5940199000926354,0.5940199000926354
CPU1 Temp,1.1505413126461836,1.1505413126461836
Power consumption,3.2355876190980766,3.2355876190980766
