feature_name,0,2
Fan2 speed,0.0006407618802022477,0.0006407618802022477
CPU2 Temp,0.0009567439503229251,0.0009567439503229251
Fan1 speed,0.010208452128357633,0.010208452128357633
Fan3 speed,0.24306007303966262,0.24306007303966262
Fan4 speed,0.2540989208454295,0.2540989208454295
Inlet Temp,0.7199185978554943,0.7199185978554943
CPU1 Temp,0.765495757863263,0.765495757863263
Power consumption,0.8327494298279204,0.8327494298279204
Memory usage,1.3144992259684118,1.3144992259684118
