feature_name,0,2
Inlet Temp,0.0,0.0
Fan1 speed,0.0,0.0
Fan3 speed,0.0002218501103855566,0.0002218501103855566
CPU2 Temp,0.0015362443584543892,0.0015362443584543892
Fan4 speed,0.0019263598222018531,0.0019263598222018531
Fan2 speed,0.045928179750993954,0.045928179750993954
CPU1 Temp,0.10735801450192758,0.10735801450192758
Memory usage,0.3136474055373529,0.3136474055373529
Power consumption,0.361166007207878,0.361166007207878
