feature_name,0,6
CPU1 Temp,0.0,0.0
Inlet Temp,8.233244873289639e-05,8.233244873289639e-05
Power consumption,0.0003307072268040733,0.0003307072268040733
Fan3 speed,0.13038137082227616,0.13038137082227616
Fan1 speed,0.14561724954152028,0.14561724954152028
Fan4 speed,0.16087413022127336,0.16087413022127336
Fan2 speed,0.16664358713125932,0.16664358713125932
CPU2 Temp,0.19186317357563484,0.19186317357563484
Memory usage,0.7528345464575129,0.7528345464575129
