feature_name,0,2
Fan3 speed,0.0,0.0
Fan4 speed,0.0,0.0
CPU1 Temp,0.0010985413297829071,0.0010985413297829071
Fan2 speed,0.028136171102128623,0.028136171102128623
CPU2 Temp,0.02977364877799346,0.02977364877799346
Fan1 speed,0.13293478939826633,0.13293478939826633
Memory usage,0.13973670046925799,0.13973670046925799
Power consumption,0.14234472446540544,0.14234472446540544
Inlet Temp,0.24280990084544868,0.24280990084544868
