feature_name,0,2
Inlet Temp,0.0057498594529896176,0.0057498594529896176
Fan3 speed,0.02978050287101635,0.02978050287101635
Fan4 speed,0.034514120309703675,0.034514120309703675
Memory usage,0.11818573041182469,0.11818573041182469
Fan1 speed,0.19973242601109575,0.19973242601109575
Fan2 speed,0.22209910115760384,0.22209910115760384
CPU1 Temp,0.7931937342447563,0.7931937342447563
CPU2 Temp,2.679878223750129,2.679878223750129
Power consumption,2.7476047296501545,2.7476047296501545
