feature_name,0,2
Fan1 speed,0.0,0.0
Fan3 speed,0.05257163723507705,0.05257163723507705
Power consumption,0.13859549859274364,0.13859549859274364
Memory usage,0.1406028396236696,0.1406028396236696
Fan4 speed,0.1408362773751308,0.1408362773751308
CPU1 Temp,0.29537560678078206,0.29537560678078206
Inlet Temp,0.3162999291687087,0.3162999291687087
CPU2 Temp,0.4832162910401938,0.4832162910401938
Fan2 speed,1.5695338778404464,1.5695338778404464
