feature_name,0,2
Inlet Temp,0.0,0.0
Fan1 speed,4.130164121807494e-05,4.130164121807494e-05
Fan4 speed,9.134463009839353e-05,9.134463009839353e-05
Fan2 speed,0.0007777024087520244,0.0007777024087520244
CPU2 Temp,0.0015548653316482166,0.0015548653316482166
Fan3 speed,0.0031023296465719687,0.0031023296465719687
CPU1 Temp,0.2999755344239354,0.2999755344239354
Power consumption,0.3571478589704614,0.3571478589704614
Memory usage,0.48154793597474904,0.48154793597474904
