feature_name,0,3
Fan2 speed,0.03673135115525834,0.03673135115525834
Fan3 speed,0.07381383706968288,0.07381383706968288
CPU1 Temp,0.0858583468902811,0.0858583468902811
Fan4 speed,0.1219105070067052,0.1219105070067052
CPU2 Temp,0.16040837601038477,0.16040837601038477
Power consumption,0.21748564390937208,0.21748564390937208
Fan1 speed,0.3051672329307257,0.3051672329307257
Inlet Temp,1.9087059177403163,1.9087059177403163
Memory usage,3.0537748722354783,3.0537748722354783
