feature_name,0,2
Fan4 speed,0.11790733195024904,0.11790733195024904
Fan3 speed,0.5285728177951194,0.5285728177951194
Fan2 speed,0.9147319020866544,0.9147319020866544
Inlet Temp,1.5886546817648801,1.5886546817648801
Fan1 speed,4.251590397111833,4.251590397111833
Memory usage,12.098512903427405,12.098512903427405
CPU1 Temp,26.163294354546895,26.163294354546895
CPU2 Temp,30.038611131219657,30.038611131219657
Power consumption,70.01129074193139,70.01129074193139
