feature_name,0,2
Fan2 speed,0.0,0.0
Fan4 speed,0.0,0.0
CPU2 Temp,0.2324297487937653,0.2324297487937653
Fan1 speed,0.23914930282282545,0.23914930282282545
Memory usage,0.2567161162823503,0.2567161162823503
Inlet Temp,0.3849749552656137,0.3849749552656137
CPU1 Temp,0.42971502712408827,0.42971502712408827
Fan3 speed,0.7715591041691516,0.7715591041691516
Power consumption,1.1326013343656018,1.1326013343656018
