feature_name,0,2
Inlet Temp,0.007045507186130516,0.007045507186130516
Fan3 speed,0.20944050608059706,0.20944050608059706
CPU2 Temp,2.9451705754622712,2.9451705754622712
Fan1 speed,3.33899929345209,3.33899929345209
Fan2 speed,7.052089021357761,7.052089021357761
Fan4 speed,8.060855398017438,8.060855398017438
Memory usage,20.860534122696524,20.860534122696524
CPU1 Temp,22.746929633765244,22.746929633765244
Power consumption,32.21676296503932,32.21676296503932
