feature_name,0,2
Inlet Temp,0.0,0.0
Fan3 speed,0.00040780138233153206,0.00040780138233153206
Memory usage,0.00210476187455173,0.00210476187455173
Fan1 speed,0.009947623506392635,0.009947623506392635
Fan2 speed,0.2319882134347591,0.2319882134347591
Fan4 speed,0.24290312566640032,0.24290312566640032
CPU2 Temp,0.3457386483635202,0.3457386483635202
CPU1 Temp,0.5962631027905704,0.5962631027905704
Power consumption,2.1425937220344067,2.1425937220344067
